{"train/train_runtime": 513.8493, "train/train_samples_per_second": 194.61, "train/train_steps_per_second": 0.778, "train/total_flos": 28692864000000.0, "train/train_loss": 0.055055975914001465, "train/epoch": 100.0, "train/global_step": 400, "_timestamp": 1670105165.283021, "_runtime": 511.3719050884247, "_step": 0}