{"train/train_runtime": 60.2762, "train/train_samples_per_second": 165.903, "train/train_steps_per_second": 1.659, "train/total_flos": 2869286400000.0, "train/train_loss": 0.16782106399536134, "train/epoch": 100.0, "train/global_step": 100, "_timestamp": 1670198947.2698731, "_runtime": 57.64564108848572, "_step": 0}