{
  "best_metric": null,
  "best_model_checkpoint": null,
  "epoch": 18.9873417721519,
  "global_step": 1500,
  "is_hyper_param_search": false,
  "is_local_process_zero": true,
  "is_world_process_zero": true,
  "log_history": [
    {
      "epoch": 6.33,
      "learning_rate": 0.0006835443037974683,
      "loss": 0.6097,
      "step": 500
    },
    {
      "epoch": 12.66,
      "learning_rate": 0.0003670886075949367,
      "loss": 0.5776,
      "step": 1000
    },
    {
      "epoch": 18.99,
      "learning_rate": 5.0632911392405066e-05,
      "loss": 0.5763,
      "step": 1500
    }
  ],
  "max_steps": 1580,
  "num_train_epochs": 20,
  "total_flos": 109023701483520.0,
  "trial_name": null,
  "trial_params": null
}
