{"train/train_runtime": 548.7768, "train/train_samples_per_second": 182.223, "train/train_steps_per_second": 0.729, "train/total_flos": 7163964000000.0, "train/train_loss": 0.5401578140258789, "train/epoch": 100.0, "train/global_step": 400, "_timestamp": 1669817583.115167, "_runtime": 548.666788816452, "_step": 0}