{"train/train_runtime": 33.4884, "train/train_samples_per_second": 149.305, "train/train_steps_per_second": 1.493, "train/total_flos": 1434643200000.0, "train/train_loss": 0.6718837738037109, "train/epoch": 50.0, "train/global_step": 50, "_timestamp": 1670203463.0224726, "_runtime": 30.855754613876343, "_step": 0}